,close,high,low,open,volume
2017-02-24,117.8671875,117.5078125,117.5078125,117.5078125,2
