,close,high,low,open,volume
2017-04-13,118.0625,118.28125,118.28125,118.28125,0
