,close,high,low,open,volume
2017-04-13,125.75,126.15625,126.15625,126.15625,1
