,close,high,low,open,volume
2017-03-01,123.359375,123.515625,123.515625,123.515625,0
